<?xml version="1.0" encoding="UTF-8" standalone="yes"?>
<addon id="repository.myboxx" name="[COLOR limegreen][B]Myboxx[/B][/COLOR]Wizard Repository" version="1.2" provider-name="Team Finelli">
    <hashes>true</hashes>
	<extension point="xbmc.addon.repository" name="[COLOR limegreen][B]Myboxx[/B][/COLOR]Wizard Repository">
        <dir>
            <info compressed="false">http://myboxx.live/master/zips/addons.xml</info>
            <checksum>http://myboxx.live/master/zips/addons.xml.md5</checksum>
            <datadir zip="true">http://myboxx.live/master/zips/</datadir>
        </dir>
    </extension>
    
    <extension point="xbmc.addon.metadata">
        <summary>[COLOR limegreen][B]Myboxx[/B][/COLOR]Wizard</summary>
        <description>The official home of [COLOR limegreen][B]Myboxx[/B][/COLOR]Wizard.</description>
        <disclaimer></disclaimer>
        <platform>all</platform>
        <assets>
            <icon>icon.png</icon>
            <fanart>fanart.jpg</fanart>
        </assets>
        <source>http://myboxx.live/master/zips/repository.myboxx/</source>
    </extension>
</addon>